{"scanId":"1d797c09-ed26-448d-82f5-7c7ffa180c12","scanDate":1716200124402,"projectName":"gyc-ceshi","versionName":"3.0","fileSize":36253,"scannerVersion":"V3.1.0.build2.0.A","versionDistribution":"EXTERNAL","resultSource":"gyc-ceshi/3.0","signatureBomSource":"text/gyc-ceshi/3.0 signature","scanModel":false,"isWebScan":false,"isPlatformComponentAnalysis":false,"isEnableSensitiveSearch":false,"isOnlyBinaryScanFlag":false,"dependencyDetectionLevel":99,"isSignatureCopyrightSearch":false,"isSignatureLicenseSearch":false,"isEnableSnippet":true,"isEnableBinary":false,"isEnableBinaryCompositionAnalysis":false,"isEnableCodeDefectCheck":false,"isEnableMaliciousCodeCheck":false,"index":1,"total":1}