{"total":1,"index":0,"source":"text/gyc-ceshi/3.0 signature","scanType":"SIGNATURE","bomList":[{"id":"0","name":"text","path":"/","type":1,"uri":"file://server1/root/text"},{"id":"0","name":"text","path":"/","size":0,"type":1,"archiveContext":"","deepNoSize":"f0fec8eb5d41294a98a082d088de6725","deepWithSize":"4a5e37e3aa9ba9981408954e55aa914f","distanceFromInnerRoot":0,"distanceFromRoot":0,"deepFileCount":1,"shallowNoSize":"f0fec8eb5d41294a98a082d088de6725","shallowWithSize":"4a5e37e3aa9ba9981408954e55aa914f","structureOnly":"d41d8cd98f00b204e9800998ecf8427e","parentId":-1,"md5":"","sha1":"","deepDirectoryCount":0,"cleanSha1":"","uri":"file:///root/text"},{"id":"1","name":"c.cpp","path":"c.cpp","size":36253,"type":3,"archiveContext":"","deepNoSize":"","deepWithSize":"","fileLineNum":1096,"shallowNoSize":"","shallowWithSize":"","structureOnly":"","parentId":0,"md5":"","sha1":"05f45245b3d73cc1b8a77c8717aeb78d181520e4","cleanSha1":"6a8eb0a8b6c880016380781a7d26d3806fe25f61","uri":"file:///root/text/c.cpp"}]}